YEAR;CAR TYPE;VEHICLE CLASS;ENGINE SIZE (L);CYLINDERS;TRANSMISSION;FUEL TYPE;FUEL CONSUMPTION CITY;FUEL CONSUMPTION HWY;COMB (L/100 km);COMB (mpg);CO2 EMISSIONS;;;;;;;;;;;;;;
2010;TOYOTA KIJANG INNOVA E;SUV;2;4;MT;BENSIN;19.9;16.3;18.3;25.7;318;;;;;;;;;;;;;;
2010;TOYOTA KIJANG INNOVA E;SUV;2;4;AT;BENSIN;20.2;16.4;18.5;25.4;321;;;;;;;;;;;;;;
2010;TOYOTA KIJANG INNOVA E;SUV;2.5;4;MT;DIESEL;20.5;16.5;18.7;25.2;324;;;;;;;;;;;;;;
2010;TOYOTA KIJANG INNOVA E;SUV;2.5;4;AT;DIESEL;20.7;16.5;18.8;25;327;;;;;;;;;;;;;;
2010;TOYOTA KIJANG INNOVA G;SUV;2;4;MT;BENSIN;18.9;15.9;17.6;26.8;305;;;;;;;;;;;;;;
2010;TOYOTA KIJANG INNOVA G;SUV;2;4;AT;BENSIN;19.5;16;17.9;26.2;312;;;;;;;;;;;;;;
2010;TOYOTA KIJANG INNOVA G;SUV;2.5;4;MT;DIESEL;18.9;16.1;17.6;26.7;307;;;;;;;;;;;;;;
2010;TOYOTA KIJANG INNOVA G;SUV;2.5;4;AT;DIESEL;19.2;16.2;17.8;26.4;310;;;;;;;;;;;;;;
2010;TOYOTA KIJANG INNOVA V;SUV;2;4;MT;BENSIN;18.6;15.7;17.3;27.2;301;;;;;;;;;;;;;;
2010;TOYOTA KIJANG INNOVA V;SUV;2;4;AT;BENSIN;19.7;16.3;18.2;25.9;316;;;;;;;;;;;;;;
2010;TOYOTA KIJANG INNOVA V;SUV;2.5;4;MT;DIESEL;18.4;15.2;17;27.7;295;;;;;;;;;;;;;;
2010;TOYOTA KIJANG INNOVA V;SUV;2.5;4;AT;DIESEL;19.4;16.2;18;26.2;313;;;;;;;;;;;;;;
2012;TOYOTA KIJANG INNOVA J;SUV;2;4;MT;BENSIN;18.2;15;16.8;28.1;291;;;;;;;;;;;;;;
2012;TOYOTA KIJANG INNOVA J;SUV;2;4;AT;BENSIN;19.2;16;17.8;26.5;309;;;;;;;;;;;;;;
2012;TOYOTA KIJANG INNOVA J;SUV;2.5;4;MT;DIESEL;18.7;15.3;17.2;27.4;298;;;;;;;;;;;;;;
2012;TOYOTA KIJANG INNOVA J;SUV;2.5;4;AT;DIESEL;18.9;15;17.1;27.4;298;;;;;;;;;;;;;;
2012;TOYOTA KIJANG INNOVA E;SUV;2;4;MT;BENSIN;18.8;15.7;17.4;27.1;302;;;;;;;;;;;;;;
2012;TOYOTA KIJANG INNOVA E;SUV;2;4;AT;BENSIN;18.8;16.2;17.6;26.7;307;;;;;;;;;;;;;;
2012;TOYOTA KIJANG INNOVA E;SUV;2.5;4;MT;DIESEL;18.9;15.9;17.6;26.8;305;;;;;;;;;;;;;;
2012;TOYOTA KIJANG INNOVA E;SUV;2.5;4;AT;DIESEL;19;16;17.6;26.7;307;;;;;;;;;;;;;;
2012;TOYOTA KIJANG INNOVA G;SUV;2;4;MT;BENSIN;18.5;15;16.9;27.8;294;;;;;;;;;;;;;;
2012;TOYOTA KIJANG INNOVA G;SUV;2;4;AT;BENSIN;18.3;14.8;16.7;28.1;291;;;;;;;;;;;;;;
2012;TOYOTA KIJANG INNOVA G;SUV;2.5;4;MT;DIESEL;18.2;14.7;16.6;28.3;289;;;;;;;;;;;;;;
2012;TOYOTA KIJANG INNOVA G;SUV;2.5;4;AT;DIESEL;18.7;14.6;16.9;27.9;293;;;;;;;;;;;;;;
2012;TOYOTA KIJANG INNOVA V;SUV;2;4;MT;BENSIN;18.6;15.7;17.3;27.2;301;;;;;;;;;;;;;;
2012;TOYOTA KIJANG INNOVA V;SUV;2;4;AT;BENSIN;19.7;16.3;18.2;25.9;316;;;;;;;;;;;;;;
2012;TOYOTA KIJANG INNOVA V;SUV;2.5;4;MT;DIESEL;18.4;15.2;17;27.7;295;;;;;;;;;;;;;;
2012;TOYOTA KIJANG INNOVA V;SUV;2.5;4;AT;DIESEL;19.4;16.2;18;26.2;313;;;;;;;;;;;;;;
2014;TOYOTA KIJANG INNOVA J;SUV;2;4;MT;BENSIN;16.7;16;16.4;28.7;285;;;;;;;;;;;;;;
2014;TOYOTA KIJANG INNOVA J;SUV;2;4;AT;BENSIN;17.2;16.5;16.9;27.9;294;;;;;;;;;;;;;;
2014;TOYOTA KIJANG INNOVA J;SUV;2.5;4;MT;DIESEL;16.8;16.2;16.5;28.5;287;;;;;;;;;;;;;;
2014;TOYOTA KIJANG INNOVA J;SUV;2.5;4;AT;DIESEL;17.4;16.4;17;27.8;295;;;;;;;;;;;;;;
2014;TOYOTA KIJANG INNOVA E;SUV;2;4;MT;BENSIN;16.6;15.7;16.2;29;282;;;;;;;;;;;;;;
2014;TOYOTA KIJANG INNOVA E;SUV;2;4;AT;BENSIN;17.8;15.8;16.9;27.8;294;;;;;;;;;;;;;;
2014;TOYOTA KIJANG INNOVA E;SUV;2.5;4;MT;DIESEL;16.2;16;16.1;29.2;280;;;;;;;;;;;;;;
2014;TOYOTA KIJANG INNOVA E;SUV;2.5;4;AT;DIESEL;17.6;16;16.9;27.9;293;;;;;;;;;;;;;;
2014;TOYOTA KIJANG INNOVA G;SUV;2;4;MT;BENSIN;16;15.8;15.9;29.6;277;;;;;;;;;;;;;;
2014;TOYOTA KIJANG INNOVA G;SUV;2;4;AT;BENSIN;17.3;15.7;16.6;28.4;288;;;;;;;;;;;;;;
2014;TOYOTA KIJANG INNOVA G;SUV;2.5;4;MT;DIESEL;16.1;15.4;15.8;29.8;274;;;;;;;;;;;;;;
2014;TOYOTA KIJANG INNOVA G;SUV;2.5;4;AT;DIESEL;17;15.8;16.5;28.6;286;;;;;;;;;;;;;;
2014;TOYOTA KIJANG INNOVA V;SUV;2;4;MT;BENSIN;15.7;15.2;15.5;30.4;269;;;;;;;;;;;;;;
2014;TOYOTA KIJANG INNOVA V;SUV;2;4;AT;BENSIN;17;16;16.6;28.4;288;;;;;;;;;;;;;;
2014;TOYOTA KIJANG INNOVA V;SUV;2.5;4;MT;DIESEL;17;16.4;16.7;28.1;291;;;;;;;;;;;;;;
2014;TOYOTA KIJANG INNOVA V;SUV;2.5;4;AT;DIESEL;17.5;15.8;16.7;28.1;291;;;;;;;;;;;;;;
2017;TOYOTA KIJANG INNOVA G;SUV;2;4;MT;BENSIN;16.1;15.6;15.9;29.6;276;;;;;;;;;;;;;;
2017;TOYOTA KIJANG INNOVA G;SUV;2;4;AT;BENSIN;17.3;15.4;16.4;28.6;286;;;;;;;;;;;;;;
2017;TOYOTA KIJANG INNOVA G;SUV;2.4;4;MT;DIESEL;16.5;15.9;16.2;29;282;;;;;;;;;;;;;;
2017;TOYOTA KIJANG INNOVA G;SUV;2.4;4;AT;DIESEL;17.2;15.7;16.5;28.5;287;;;;;;;;;;;;;;
2017;TOYOTA KIJANG INNOVA V;SUV;2;4;MT;BENSIN;16.2;15.7;16;29.4;278;;;;;;;;;;;;;;
2017;TOYOTA KIJANG INNOVA V;SUV;2;4;AT;BENSIN;17.4;15.5;16.5;28.4;288;;;;;;;;;;;;;;
2017;TOYOTA KIJANG INNOVA V;SUV;2.4;4;MT;DIESEL;15.9;15.2;15.6;30.2;271;;;;;;;;;;;;;;
2017;TOYOTA KIJANG INNOVA V;SUV;2.4;4;AT;DIESEL;16.7;15.2;16;29.4;279;;;;;;;;;;;;;;
2017;TOYOTA KIJANG INNOVA VENTURER;SUV;2;4;MT;BENSIN;15.7;14.9;15.3;30.7;267;;;;;;;;;;;;;;
2017;TOYOTA KIJANG INNOVA VENTURER;SUV;2;4;AT;BENSIN;16.6;15.2;16;29.5;278;;;;;;;;;;;;;;
2017;TOYOTA KIJANG INNOVA VENTURER;SUV;2.4;4;MT;DIESEL;15.2;14.3;14.8;31.8;257;;;;;;;;;;;;;;
2017;TOYOTA KIJANG INNOVA VENTURER;SUV;2.4;4;AT;DIESEL;16.1;15;15.6;30.1;271;;;;;;;;;;;;;;
2023;TOYOTA KIJANG INNOVA ZENIX;SUV;2;4;AT;BENSIN;14.7;13.6;14.2;33.1;247;;;;;;;;;;;;;;
2023;TOYOTA KIJANG INNOVA ZENIX HYBRID;SUV;2;4;AT;BENSIN;13.2;12.2;12.8;36.9;222;;;;;;;;;;;;;;
2019;TOYOTA GR SUPRA;SUBCOMPACT;3;6;AT;BENSIN;16.2;15.5;15.9;29.6;276;;;;;;;;;;;;;;
2013;TOYOTA NAV1 G;STATION WAGON;2;4;AV;BENSIN;13.2;12.7;13;36.3;226;;;;;;;;;;;;;;
2013;TOYOTA NAV1 V;STATION WAGON;2;4;AV;BENSIN;13.1;12.8;13;36.3;225;;;;;;;;;;;;;;
2017;TOYOTA VOXY;STATION WAGON;2;4;AV;BENSIN;12.7;11.8;12.3;38.3;214;;;;;;;;;;;;;;
2017;TOYOTA VOXY HYBRID;STATION WAGON;1.8;4;AV;BENSIN;11.2;9.9;10.6;44.3;185;;;;;;;;;;;;;;
2022;TOYOTA VOXY;STATION WAGON;2;4;AV;BENSIN;12.5;11.6;12.1;38.9;210;;;;;;;;;;;;;;
2022;TOYOTA VOXY HYBRID;STATION WAGON;1.8;4;AV;BENSIN;11.1;9.9;10.6;44.5;184;;;;;;;;;;;;;;
2015;TOYOTA ALPHARD V;MINIVAN;3.5;6;AT;BENSIN;15.9;15.1;15.5;30.3;270;;;;;;;;;;;;;;
2015;TOYOTA ALPHARD G;MINIVAN;2.4;4;AT;BENSIN;13.9;12.9;13.5;35;234;;;;;;;;;;;;;;
2018;TOYOTA ALPHARD X FWD;MINIVAN;2.5;4;AT;BENSIN;14.2;13.2;13.8;34.2;239;;;;;;;;;;;;;;
2018;TOYOTA ALPHARD G FWD;MINIVAN;2.5;4;AT;BENSIN;14.3;13.1;13.8;34.2;239;;;;;;;;;;;;;;
2018;TOYOTA ALPHARD Q AWD;MINIVAN;3.5;6;AT;BENSIN;15.5;14.7;15.1;31.1;263;;;;;;;;;;;;;;
2015;TOYOTA VELLFIRE;MINIVAN;3.5;6;AT;BENSIN;15.5;14.8;15.2;31;264;;;;;;;;;;;;;;
2018;TOYOTA VELLFIRE;MINIVAN;3.5;6;AT;BENSIN;15.8;14.9;15.4;30.6;268;;;;;;;;;;;;;;
2010;TOYOTA AVANZA E;STATION WAGON;1.3;4;MT;BENSIN;8.7;6.4;8.7;32.2;193;;;;;;;;;;;;;;
2010;TOYOTA AVANZA G;STATION WAGON;1.5;4;MT;BENSIN;9.3;6.7;9;31.4;208;;;;;;;;;;;;;;
2010;TOYOTA AVANZA G;STATION WAGON;1.5;4;AT;BENSIN;10;7.4;10;23.5;233;;;;;;;;;;;;;;
2013;TOYOTA AVANZA E;STATION WAGON;1.3;4;MT;BENSIN;8.6;6.2;8.2;34.6;192;;;;;;;;;;;;;;
2013;TOYOTA AVANZA E;STATION WAGON;1.3;4;AT;BENSIN;9;6.4;8.7;32.2;199;;;;;;;;;;;;;;
2013;TOYOTA AVANZA G;STATION WAGON;1.5;4;MT;BENSIN;9;6.4;8.7;32.2;199;;;;;;;;;;;;;;
2013;TOYOTA AVANZA G;STATION WAGON;1.5;4;AT;BENSIN;9.4;6.7;9.4;25.1;214;;;;;;;;;;;;;;
2022;TOYOTA AVANZA E;STATION WAGON;1.3;4;MT;BENSIN;7.8;6;7.8;36.2;175;;;;;;;;;;;;;;
2022;TOYOTA AVANZA E;STATION WAGON;1.3;4;AT;BENSIN;8.1;6.2;8;35.3;183;;;;;;;;;;;;;;
2022;TOYOTA AVANZA G;STATION WAGON;1.5;4;MT;BENSIN;8.5;6.5;8.2;34.6;192;;;;;;;;;;;;;;
2022;TOYOTA AVANZA G;STATION WAGON;1.5;4;AT;BENSIN;8.8;6.7;9;31.4;203;;;;;;;;;;;;;;
2022;TOYOTA AVANZA VELOZ;STATION WAGON;1.5;4;MT;BENSIN;8.8;6.7;9;31.4;203;;;;;;;;;;;;;;
2022;TOYOTA AVANZA VELOZ;STATION WAGON;1.5;4;AT;BENSIN;9.1;6.8;9.3;25.3;210;;;;;;;;;;;;;;
2013;TOYOTA AGYA E;SUBCOMPACT;1;3;MT;BENSIN;4.95;4.13;4.49;52.57;101;;;;;;;;;;;;;;
2013;TOYOTA AGYA G;SUBCOMPACT;1;3;MT;BENSIN;4.95;4.13;4.49;52.57;101;;;;;;;;;;;;;;
2013;TOYOTA AGYA G;SUBCOMPACT;1;3;AT;BENSIN;4.85;4.13;4.47;53;96;;;;;;;;;;;;;;
2020;TOYOTA AGYA E;SUBCOMPACT;1;3;MT;BENSIN;4.6;4.13;4.4;53.5;90;;;;;;;;;;;;;;
2020;TOYOTA AGYA G;SUBCOMPACT;1;3;MT;BENSIN;4.6;4.13;4.4;53.5;90;;;;;;;;;;;;;;
2020;TOYOTA AGYA G;SUBCOMPACT;1;3;AT;BENSIN;4.6;4.13;4.5;52.6;88;;;;;;;;;;;;;;
2020;TOYOTA AGYA G;SUBCOMPACT;1.2;3;MT;BENSIN;5;4;4.45;53;105;;;;;;;;;;;;;;
2020;TOYOTA AGYA G;SUBCOMPACT;1.2;3;AT;BENSIN;4.9;4.1;5.1;46.3;113;;;;;;;;;;;;;;
2016;TOYOTA CALYA E;STATION WAGON;1.2;4;MT;BENSIN;5;4.2;5;47.6;100;;;;;;;;;;;;;;
2016;TOYOTA CALYA G;STATION WAGON;1.2;4;MT;BENSIN;5.1;4.3;5.1;47.7;101;;;;;;;;;;;;;;
2016;TOYOTA CALYA G;STATION WAGON;1.2;4;AT;BENSIN;5.2;4.3;5.2;45.2;105;;;;;;;;;;;;;;
2016;TOYOTA CALYA G;STATION WAGON;1.2;4;MT;BENSIN;5;4.2;5;47.6;100;;;;;;;;;;;;;;
2016;TOYOTA CALYA G SPORTY;STATION WAGON;1.2;4;AT;BENSIN;5.3;4.4;5.3;45.3;106;;;;;;;;;;;;;;
2020;TOYOTA CALYA E;STATION WAGON;1.2;4;MT;BENSIN;5;4.2;5;47.6;100;;;;;;;;;;;;;;
2020;TOYOTA CALYA G;STATION WAGON;1.2;4;MT;BENSIN;5.1;4.3;5.1;47.7;101;;;;;;;;;;;;;;
2020;TOYOTA CALYA G;STATION WAGON;1.2;4;AT;BENSIN;5.2;4.3;5.2;45.2;105;;;;;;;;;;;;;;
2020;TOYOTA CALYA G;STATION WAGON;1.2;4;MT;BENSIN;5;4.2;5;47.6;100;;;;;;;;;;;;;;
2020;TOYOTA CALYA G SPORTY;STATION WAGON;1.2;4;AT;BENSIN;5.3;4.4;5.3;45.3;106;;;;;;;;;;;;;;
2021;TOYOTA RAIZE G;SUBCOMPACT;1.2;3;MT;BENSIN;5.6;4.13;5.6;42.4;110;;;;;;;;;;;;;;
2021;TOYOTA RAIZE G;SUBCOMPACT;1.2;3;AV;BENSIN;5.4;4.13;5.3;44.4;103;;;;;;;;;;;;;;
2021;TOYOTA RAIZE G TURBO;SUBCOMPACT;1;3;MT;BENSIN;5.5;4.14;5.4;44.5;104;;;;;;;;;;;;;;
2021;TOYOTA RAIZE G TURBO;SUBCOMPACT;1;3;AV;BENSIN;5.6;4.2;5.6;43.7;99;;;;;;;;;;;;;;
2021;TOYOTA RAIZE GR SPORT TURBO;SUBCOMPACT;1;3;MT;BENSIN;5.7;4.2;5.7;40.2;100;;;;;;;;;;;;;;
2021;TOYOTA RAIZE GR SPORT TURBO;SUBCOMPACT;1;3;AV;BENSIN;5.4;4.13;5.4;43.5;97;;;;;;;;;;;;;;
2011;TOYOTA VIOS E;SUBCOMPACT;1.5;4;MT;BENSIN;8.5;5.8;7.8;36.7;144;;;;;;;;;;;;;;
2011;TOYOTA VIOS G;SUBCOMPACT;1.5;4;MT;BENSIN;8.9;5.8;7.2;39.2;138;;;;;;;;;;;;;;
2011;TOYOTA VIOS G;SUBCOMPACT;1.5;4;AT;BENSIN;8.1;5.7;7.8;36.7;144;;;;;;;;;;;;;;
2016;TOYOTA VIOS E;SUBCOMPACT;1.5;4;MT;BENSIN;8;5.6;7.6;37.5;142;;;;;;;;;;;;;;
2016;TOYOTA VIOS E;SUBCOMPACT;1.5;4;AT;BENSIN;7.9;5.5;8;32.8;151;;;;;;;;;;;;;;
2016;TOYOTA VIOS G;SUBCOMPACT;1.5;4;MT;BENSIN;8;5.6;7.4;38.6;138;;;;;;;;;;;;;;
2016;TOYOTA VIOS G;SUBCOMPACT;1.5;4;AT;BENSIN;7.9;5.5;7.6;37.5;142;;;;;;;;;;;;;;
2018;TOYOTA VIOS E;SUBCOMPACT;1.5;4;MT;BENSIN;7;5.6;6.7;42.2;133;;;;;;;;;;;;;;
2018;TOYOTA VIOS E;SUBCOMPACT;1.5;4;AV;BENSIN;7.2;5.7;7.2;39.2;139;;;;;;;;;;;;;;
2018;TOYOTA VIOS G;SUBCOMPACT;1.5;4;MT;BENSIN;7;5.6;6.7;42.2;133;;;;;;;;;;;;;;
2018;TOYOTA VIOS G;SUBCOMPACT;1.5;4;AV;BENSIN;7.2;5.7;7.2;39.2;139;;;;;;;;;;;;;;
2021;TOYOTA VIOS E;SUBCOMPACT;1.5;4;MT;BENSIN;6.9;5.4;6.9;48.7;127;;;;;;;;;;;;;;
2021;TOYOTA VIOS E;SUBCOMPACT;1.5;4;AV;BENSIN;7;5.2;7.2;45.2;130;;;;;;;;;;;;;;
2021;TOYOTA VIOS G;SUBCOMPACT;1.5;4;MT;BENSIN;6.9;5.4;6.9;48.7;127;;;;;;;;;;;;;;
2021;TOYOTA VIOS G;SUBCOMPACT;1.5;4;AV;BENSIN;7;5.2;7.2;45.2;130;;;;;;;;;;;;;;
2011;TOYOTA CAMRY G;COMPACT;2.4;4;AT;BENSIN;9.9;6.3;9.9;23.8;186;;;;;;;;;;;;;;
2011;TOYOTA CAMRY G;COMPACT;2.4;4;MT;BENSIN;11;8.6;10.3;31.2;193;;;;;;;;;;;;;;
2011;TOYOTA CAMRY V;COMPACT;2.4;4;AT;BENSIN;9.8;7;8.6;24.5;210;;;;;;;;;;;;;;
2011;TOYOTA CAMRY V;COMPACT;2.4;4;MT;BENSIN;10.3;7.4;9;29.9;221;;;;;;;;;;;;;;
2011;TOYOTA CAMRY Q;COMPACT;3.5;6;AT;BENSIN;12.6;8.8;12.7;18.7;292;;;;;;;;;;;;;;
2011;TOYOTA CAMRY Q;COMPACT;3.5;6;MT;BENSIN;13.2;9.4;12.9;22.9;309;;;;;;;;;;;;;;
2015;TOYOTA CAMRY G;COMPACT;2.5;4;AT;BENSIN;9.4;6.1;9.4;25;174;;;;;;;;;;;;;;
2015;TOYOTA CAMRY G;COMPACT;2.5;4;MT;BENSIN;9.8;5.9;9.5;29.6;181;;;;;;;;;;;;;;
2015;TOYOTA CAMRY V;COMPACT;2.5;4;AT;BENSIN;9.7;6.8;9.5;24.2;209;;;;;;;;;;;;;;
2015;TOYOTA CAMRY V;COMPACT;2.5;4;MT;BENSIN;10.2;7.3;9.8;29.7;218;;;;;;;;;;;;;;
2015;TOYOTA CAMRY HYBRID;COMPACT;2.5;4;AT;BENSIN;5.9;6;5.9;40.2;138;;;;;;;;;;;;;;
2015;TOYOTA CAMRY HYBRID;COMPACT;2.5;4;MT;BENSIN;6.4;5.4;6.4;48.7;130;;;;;;;;;;;;;;
2019;TOYOTA CAMRY G;COMPACT;2.5;4;AT;BENSIN;7;5.3;6.2;33.6;162;;;;;;;;;;;;;;
2019;TOYOTA CAMRY G;COMPACT;2.5;4;MT;BENSIN;7.4;5.9;6.7;39.2;171;;;;;;;;;;;;;;
2019;TOYOTA CAMRY V;COMPACT;2.5;4;AT;BENSIN;7;5.3;6.2;33.6;162;;;;;;;;;;;;;;
2019;TOYOTA CAMRY V;COMPACT;2.5;4;MT;BENSIN;7.4;5.9;6.7;39.2;171;;;;;;;;;;;;;;
2019;TOYOTA CAMRY HYBRID;COMPACT;2.5;4;AT;BENSIN;4.3;4.4;4.3;58.8;98;;;;;;;;;;;;;;
2019;TOYOTA CAMRY HYBRID;COMPACT;2.5;4;MT;BENSIN;4.85;4.13;4.47;53;96;;;;;;;;;;;;;;
2011;TOYOTA YARIS E;SUBCOMPACT;1.5;4;MT;BENSIN;8.4;6;8.7;27;110;;;;;;;;;;;;;;
2011;TOYOTA YARIS E;SUBCOMPACT;1.5;4;AT;BENSIN;8;5.6;6.9;34;120;;;;;;;;;;;;;;
2011;TOYOTA YARIS G;SUBCOMPACT;1.5;4;MT;BENSIN;8.8;6.2;7.6;30.8;133;;;;;;;;;;;;;;
2011;TOYOTA YARIS G;SUBCOMPACT;1.5;4;AT;BENSIN;8.4;5.7;7.2;32.7;125;;;;;;;;;;;;;;
2011;TOYOTA YARIS S;SUBCOMPACT;1.5;4;MT;BENSIN;8.5;6;7.4;31.9;128;;;;;;;;;;;;;;
2011;TOYOTA YARIS S;SUBCOMPACT;1.5;4;AT;BENSIN;8.9;6.3;7.7;30.4;134;;;;;;;;;;;;;;
2015;TOYOTA YARIS E;SUBCOMPACT;1.5;4;MT;BENSIN;8;6.3;7.2;32.5;126;;;;;;;;;;;;;;
2015;TOYOTA YARIS E;SUBCOMPACT;1.5;4;AT;BENSIN;8.3;6.6;7.5;31.2;131;;;;;;;;;;;;;;
2015;TOYOTA YARIS G;SUBCOMPACT;1.5;4;MT;BENSIN;7.8;5.6;6.8;34.5;118;;;;;;;;;;;;;;
2015;TOYOTA YARIS G;SUBCOMPACT;1.5;4;AT;BENSIN;8.1;5.7;7;33.5;122;;;;;;;;;;;;;;
2015;TOYOTA YARIS S;SUBCOMPACT;1.5;4;MT;BENSIN;7.7;5.6;6.8;34.8;117;;;;;;;;;;;;;;
2015;TOYOTA YARIS S;SUBCOMPACT;1.5;4;AT;BENSIN;8.2;5.4;6.9;33.9;121;;;;;;;;;;;;;;
2021;TOYOTA YARIS E;SUBCOMPACT;1.5;4;MT;BENSIN;8;6.3;7.2;32.5;126;;;;;;;;;;;;;;
2021;TOYOTA YARIS E;SUBCOMPACT;1.5;4;AT;BENSIN;8.3;6.6;7.5;31.2;131;;;;;;;;;;;;;;
2021;TOYOTA YARIS G;SUBCOMPACT;1.5;4;MT;BENSIN;7.8;5.6;6.8;34.5;118;;;;;;;;;;;;;;
2021;TOYOTA YARIS G;SUBCOMPACT;1.5;4;AT;BENSIN;8.1;5.7;7;33.5;122;;;;;;;;;;;;;;
2021;TOYOTA YARIS S;SUBCOMPACT;1.5;4;MT;BENSIN;7.7;5.6;6.8;34.8;117;;;;;;;;;;;;;;
2021;TOYOTA YARIS S;SUBCOMPACT;1.5;4;AT;BENSIN;8.2;5.4;6.9;33.9;121;;;;;;;;;;;;;;
2021;TOYOTA YARIS TRD SPORTIVO;SUBCOMPACT;1.5;4;MT;BENSIN;6.5;5;5.8;40.4;101;;;;;;;;;;;;;;
2021;TOYOTA YARIS TRD SPORTIVO;SUBCOMPACT;1.5;4;AT;BENSIN;7;5.9;6.5;36.2;113;;;;;;;;;;;;;;
2017;TOYOTA RUSH S;STATION WAGON;1.5;4;MT;BENSIN;8.2;7;7.7;30.7;133;;;;;;;;;;;;;;
2017;TOYOTA RUSH S;STATION WAGON;1.5;4;AT;BENSIN;8.8;6;7.5;31.2;131;;;;;;;;;;;;;;
2017;TOYOTA RUSH G;STATION WAGON;1.5;4;MT;BENSIN;8.6;6.2;7.5;31.3;131;;;;;;;;;;;;;;
2017;TOYOTA RUSH G;STATION WAGON;1.5;4;AT;BENSIN;8.8;6.4;7.7;30.5;134;;;;;;;;;;;;;;
2017;TOYOTA RUSH TRD SPORTIVO;STATION WAGON;1.5;4;MT;BENSIN;8.6;6.5;7.7;30.7;133;;;;;;;;;;;;;;
2017;TOYOTA RUSH TRD SPORTIVO;STATION WAGON;1.5;4;AT;BENSIN;8.8;6.7;7.9;29.9;137;;;;;;;;;;;;;;
2022;TOYOTA RUSH S;STATION WAGON;1.5;4;MT;BENSIN;7.8;6.9;7.4;31.8;129;;;;;;;;;;;;;;
2022;TOYOTA RUSH S;STATION WAGON;1.5;4;AT;BENSIN;8;6.8;7.5;31.5;130;;;;;;;;;;;;;;
2022;TOYOTA RUSH G;STATION WAGON;1.5;4;MT;BENSIN;7.7;6.5;7.2;32.9;124;;;;;;;;;;;;;;
2022;TOYOTA RUSH G;STATION WAGON;1.5;4;AT;BENSIN;7.9;7;7.5;31.4;130;;;;;;;;;;;;;;
2022;TOYOTA RUSH TRD SPORTIVO;STATION WAGON;1.5;4;MT;BENSIN;7.6;6.9;7.3;32.3;127;;;;;;;;;;;;;;
2022;TOYOTA RUSH TRD SPORTIVO;STATION WAGON;1.5;4;AT;BENSIN;7.8;7;7.4;31.6;129;;;;;;;;;;;;;;
2012;TOYOTA HIACE HIGH GRADE;VAN;2.5;4;MT;BENSIN;13.9;10.5;12.4;38;215;;;;;;;;;;;;;;
2012;TOYOTA HIACE HIGH GRADE;VAN;2.5;4;AT;BENSIN;14.4;11;12.9;36.6;224;;;;;;;;;;;;;;
2012;TOYOTA HIACE HIGH GRADE;VAN;3;4;MT;DIESEL;13.9;10.5;12.4;38;249;;;;;;;;;;;;;;
2012;TOYOTA HIACE HIGH GRADE;VAN;3;4;AT;DIESEL;14.4;11;12.9;36.6;260;;;;;;;;;;;;;;
2012;TOYOTA HIACE HIGH GRADE COMMUTER;VAN;2.5;4;MT;BENSIN;13.9;10.5;12.4;38;215;;;;;;;;;;;;;;
2012;TOYOTA HIACE HIGH GRADE COMMUTER;VAN;2.5;4;AT;BENSIN;14.4;11;12.9;36.6;224;;;;;;;;;;;;;;
2012;TOYOTA HIACE HIGH GRADE COMMUTER;VAN;3;4;MT;DIESEL;15;9.6;12.6;37.4;254;;;;;;;;;;;;;;
2012;TOYOTA HIACE HIGH GRADE COMMUTER;VAN;3;4;AT;DIESEL;15.7;10.5;13.4;35.2;269;;;;;;;;;;;;;;
2020;TOYOTA HIACE;VAN;3.5;6;MT;BENSIN;12.9;10;11.6;40.6;202;;;;;;;;;;;;;;
2020;TOYOTA HIACE;VAN;3.5;6;AT;BENSIN;13.4;10.5;12.1;38.9;210;;;;;;;;;;;;;;
2020;TOYOTA HIACE;VAN;2.8;4;MT;DIESEL;14.4;9.6;12.2;38.4;213;;;;;;;;;;;;;;
2020;TOYOTA HIACE;VAN;2.8;4;AT;DIESEL;15;9.9;12.7;37;221;;;;;;;;;;;;;;
2009;DAIHATSU LUXIO D;VAN;1.5;4;MT;BENSIN;10.0;7.1;8.6;27.4;365;;;;;;;;;;;;;;
2009;DAIHATSU LUXIO X;VAN;1.5;4;MT;BENSIN;10.0;7.7;8.8;26.6;362;;;;;;;;;;;;;;
2009;DAIHATSU LUXIO X;VAN;1.5;4;AT;BENSIN;9.9;7.2;8.5;27.5;373;;;;;;;;;;;;;;
2010;DAIHATSU GRAN MAX MB BLIND VAN AC;VAN;1.3;4;MT;BENSIN;11.9;9.7;10.8;21.8;303;;;;;;;;;;;;;;
2010;DAIHATSU GRAN MAX MB D FF FH;VAN;1.3;4;MT;BENSIN;11.8;9.5;10.6;22.1;313;;;;;;;;;;;;;;
2010;DAIHATSU GRAN MAX MB D FH;VAN;1.3;4;MT;BENSIN;11.8;9.5;10.6;22.1;302;;;;;;;;;;;;;;
2010;DAIHATSU GRAN MAX MB D PS FH;VAN;1.5;4;MT;BENSIN;11.8;9.5;10.6;22.1;323;;;;;;;;;;;;;;
2010;DAIHATSU GRAN MAX PU 3W;PICKUP TRUCK;1.3;4;MT;BENSIN;10.6;8.0;9.3;25.2;342;;;;;;;;;;;;;;
2010;DAIHATSU GRAN MAX PU 3W;PICKUP TRUCK;1.5;4;MT;BENSIN;10.8;8.1;9.4;24.9;369;;;;;;;;;;;;;;
2010;DAIHATSU GRAN MAX PU BOX SLIDING;PICKUP TRUCK;1.3;4;MT;BENSIN;11.9;8.4;10.2;23.2;365;;;;;;;;;;;;;;
2010;DAIHATSU GRAN MAX PU BOX SLIDING;PICKUP TRUCK;1.5;4;MT;BENSIN;11.6;8.3;10.0;23.6;371;;;;;;;;;;;;;;
2010;DAIHATSU GRAN MAX PU STD;PICKUP TRUCK;1.3;4;MT;BENSIN;9.9;8.0;9.0;26.3;352;;;;;;;;;;;;;;
2010;DAIHATSU GRAN MAX PU STD;PICKUP TRUCK;1.5;4;MT;BENSIN;9.5;7.9;8.7;26.9;375;;;;;;;;;;;;;;
2010;DAIHATSU GRAN MAX PU STD AC&PS;PICKUP TRUCK;1.5;4;MT;BENSIN;9.4;7.9;8.7;27.2;380;;;;;;;;;;;;;;
2011;DAIHATSU GRAN MAX MB BLIND VAN AC;VAN;1.3;4;MT;BENSIN;9.5;7.5;8.5;27.6;300;;;;;;;;;;;;;;
2011;DAIHATSU XENIA M;MPV;1.3;4;MT;BENSIN;7.7;6.6;7.2;32.9;233;;;;;;;;;;;;;;
2011;DAIHATSU XENIA R;MPV;1.3;4;MT;BENSIN;7.7;6.6;7.2;32.9;236;;;;;;;;;;;;;;
2011;DAIHATSU XENIA R;MPV;1.5;4;MT;BENSIN;7.5;6.5;7.0;33.5;246;;;;;;;;;;;;;;
2011;DAIHATSU XENIA X;MPV;1.3;4;MT;BENSIN;7.6;6.6;7.1;33.0;231;;;;;;;;;;;;;;
2011;DAIHATSU GRAN MAX MB D FF FH;VAN;1.3;4;MT;BENSIN;11.9;8.4;10.2;23.2;263;;;;;;;;;;;;;;
2011;DAIHATSU GRAN MAX MB D FH;VAN;1.3;4;MT;BENSIN;11.9;8.4;10.2;23.2;276;;;;;;;;;;;;;;
2011;DAIHATSU GRAN MAX MB D PS FH;VAN;1.5;4;MT;BENSIN;11.8;8.2;10.0;23.6;287;;;;;;;;;;;;;;
2011;DAIHATSU GRAN MAX PU 3W;PICKUP TRUCK;1.3;4;MT;BENSIN;11.9;8.4;10.2;23.2;324;;;;;;;;;;;;;;
2011;DAIHATSU GRAN MAX PU 3W;PICKUP TRUCK;1.5;4;MT;BENSIN;11.8;8.2;10.0;23.6;332;;;;;;;;;;;;;;
2011;DAIHATSU GRAN MAX PU BOX SLIDING;PICKUP TRUCK;1.3;4;MT;BENSIN;11.4;8.0;9.7;24.3;320;;;;;;;;;;;;;;
2011;DAIHATSU GRAN MAX PU BOX SLIDING;PICKUP TRUCK;1.5;4;MT;BENSIN;11.4;7.9;9.7;24.4;336;;;;;;;;;;;;;;
2011;DAIHATSU GRAN MAX PU STD;PICKUP TRUCK;1.3;4;MT;BENSIN;11.6;8.0;9.8;24.0;318;;;;;;;;;;;;;;
2011;DAIHATSU GRAN MAX PU STD;PICKUP TRUCK;1.5;4;MT;BENSIN;11.4;7.9;9.6;24.5;328;;;;;;;;;;;;;;
2011;DAIHATSU GRAN MAX PU STD AC&PS;PICKUP TRUCK;1.5;4;MT;BENSIN;11.8;7.9;9.9;23.9;340;;;;;;;;;;;;;;
2015;DAIHATSU GRAN MAX MB BLIND VAN AC;VAN;1.3;4;MT;BENSIN;11.9;8.0;10.0;23.6;298;;;;;;;;;;;;;;
2016;DAIHATSU AYLA X;HATCHBACK;1;3;MT;BENSIN;5.6;5.0;5.3;44.6;232;;;;;;;;;;;;;;
2016;DAIHATSU GRAN MAX MB BLIND VAN STD;VAN;1.3;4;MT;BENSIN;11.9;8.0;10.0;23.6;302;;;;;;;;;;;;;;
2016;DAIHATSU XENIA M;MPV;1.3;4;MT;BENSIN;6.3;5.6;5.9;39.8;226;;;;;;;;;;;;;;
2016;DAIHATSU XENIA R;MPV;1.3;4;MT;BENSIN;6.8;6.3;6.5;35.9;230;;;;;;;;;;;;;;
2016;DAIHATSU XENIA R;MPV;1.5;4;MT;BENSIN;6.7;5.9;6.3;37.5;240;;;;;;;;;;;;;;
2017;DAIHATSU AYLA X;HATCHBACK;1;3;MT;BENSIN;5.6;5.0;5.3;44.6;224;;;;;;;;;;;;;;
2017;DAIHATSU SIGRA D;MPV;1;4;MT;BENSIN;7.1;5.7;6.4;36.7;223;;;;;;;;;;;;;;
2017;DAIHATSU SIGRA R;MPV;1.2;4;MT;BENSIN;7.0;5.6;6.3;37.3;226;;;;;;;;;;;;;;
2019;DAIHATSU ROCKY M;SUV;1.2;3;MT;BENSIN;6.7;4.6;5.6;41.8;253;;;;;;;;;;;;;;
2019;DAIHATSU ROCKY M CVT;SUV;1.2;3;AV;BENSIN;6.4;4.5;5.4;43.2;265;;;;;;;;;;;;;;
2019;DAIHATSU SIGRA R DLX;MPV;1.2;4;MT;BENSIN;6.5;5.3;5.9;39.9;231;;;;;;;;;;;;;;
2019;DAIHATSU XENIA M;MPV;1.3;4;MT;BENSIN;6.3;5.5;5.9;40.1;243;;;;;;;;;;;;;;
2019;DAIHATSU XENIA R;MPV;1.3;4;MT;BENSIN;6.4;5.6;6.0;39.4;240;;;;;;;;;;;;;;
2019;DAIHATSU XENIA R;MPV;1.5;4;MT;BENSIN;6.2;5.5;5.8;40.3;256;;;;;;;;;;;;;;
2021;DAIHATSU AYLA R;HATCHBACK;1.2;3;MT;BENSIN;6.8;6.6;6.7;35.3;220;;;;;;;;;;;;;;
2021;DAIHATSU ROCKY R CVT;SUV;1;3;AV;BENSIN;5.8;5.2;5.5;42.7;243;;;;;;;;;;;;;;
2021;DAIHATSU ROCKY R CVT ADS;SUV;1;3;AV;BENSIN;5.9;5.4;5.6;41.7;252;;;;;;;;;;;;;;
2021;DAIHATSU SIGRA R DLX;MPV;1.2;4;MT;BENSIN;6.3;5.8;6.1;38.6;220;;;;;;;;;;;;;;
2021;DAIHATSU SIGRA X DLX;MPV;1.2;4;MT;BENSIN;6.3;5.7;6.0;39.2;223;;;;;;;;;;;;;;
2021;DAIHATSU SIRION R CVT;HATCHBACK;1.3;4;AV;BENSIN;6.2;5.6;5.9;39.9;234;;;;;;;;;;;;;;
2021;DAIHATSU SIRION X CVT;HATCHBACK;1.3;4;AV;BENSIN;6.3;5.7;6.0;39.3;238;;;;;;;;;;;;;;
2021;DAIHATSU TERIOS R;SUV;1.5;4;AT;BENSIN;7.6;6.6;7.1;33.1;276;;;;;;;;;;;;;;
2021;DAIHATSU TERIOS R;SUV;1.5;4;MT;BENSIN;7.7;6.5;7.1;33.2;264;;;;;;;;;;;;;;
2021;DAIHATSU TERIOS R;CROSSOVER;1.5;4;AT;BENSIN;7.1;6.3;6.7;35.1;234;;;;;;;;;;;;;;
2021;DAIHATSU TERIOS R;CROSSOVER;1.5;4;MT;BENSIN;7.3;6.4;6.8;34.4;220;;;;;;;;;;;;;;
2021;DAIHATSU TERIOS R DELUXE;CROSSOVER;1.5;4;MT;BENSIN;7.1;6.0;6.5;35.9;224;;;;;;;;;;;;;;
2021;DAIHATSU TERIOS X;CROSSOVER;1.5;4;MT;BENSIN;7.0;5.9;6.5;36.4;225;;;;;;;;;;;;;;
2021;DAIHATSU TERIOS X DELUXE;CROSSOVER;1.5;4;AT;BENSIN;6.9;5.6;6.3;37.6;234;;;;;;;;;;;;;;
2021;DAIHATSU TERIOS X DELUXE;CROSSOVER;1.5;4;MT;BENSIN;7.0;5.7;6.4;36.8;238;;;;;;;;;;;;;;
2022;DAIHATSU AYLA X CVT ADS;HATCHBACK;1;3;AV;BENSIN;5.7;5.2;5.5;43.1;214;;;;;;;;;;;;;;
2022;DAIHATSU ROCKY X;SUV;1.2;3;MT;BENSIN;8.1;6.5;7.3;32.2;246;;;;;;;;;;;;;;
2022;DAIHATSU ROCKY X ADS;SUV;1.2;3;MT;BENSIN;8.0;6.3;7.2;32.8;242;;;;;;;;;;;;;;
2022;DAIHATSU ROCKY X ASA CVT;SUV;1;3;AV;BENSIN;8.3;7.1;7.7;30.5;237;;;;;;;;;;;;;;
2022;DAIHATSU ROCKY X CVT;SUV;1.2;3;AV;BENSIN;7.9;6.1;7.0;33.8;254;;;;;;;;;;;;;;
2022;DAIHATSU ROCKY X CVT ADS;SUV;1.2;3;AV;BENSIN;7.7;5.9;6.8;34.6;248;;;;;;;;;;;;;;
2022;DAIHATSU SIGRA M;MPV;1;4;MT;BENSIN;6.3;5.6;5.9;39.6;216;;;;;;;;;;;;;;
2022;DAIHATSU SIGRA R DLX;MPV;1.2;4;MT;BENSIN;6.2;5.4;5.8;40.5;220;;;;;;;;;;;;;;
2022;DAIHATSU SIGRA X;MPV;1.2;4;MT;BENSIN;6.1;5.5;5.8;40.5;219;;;;;;;;;;;;;;
2022;DAIHATSU SIRION R CVT;HATCHBACK;1.3;4;AV;BENSIN;5.7;4.5;5.1;46.0;230;;;;;;;;;;;;;;
2022;DAIHATSU SIRION X CVT;HATCHBACK;1.3;4;AV;BENSIN;5.6;4.5;5.1;46.5;235;;;;;;;;;;;;;;
2023;DAIHATSU AYLA R ADS;HATCHBACK;1.2;3;MT;BENSIN;5.6;5.1;5.3;44.0;210;;;;;;;;;;;;;;
2023;DAIHATSU AYLA R CVT;HATCHBACK;1.2;3;AV;BENSIN;5.5;5.0;5.2;45.2;220;;;;;;;;;;;;;;
2023;DAIHATSU AYLA X ADS;HATCHBACK;1;3;MT;BENSIN;5.5;4.9;5.2;45.5;203;;;;;;;;;;;;;;
2023;DAIHATSU AYLA X CVT;HATCHBACK;1;3;AV;BENSIN;5.4;4.8;5.1;46.3;211;;;;;;;;;;;;;;
2023;DAIHATSU AYLA X CVT ADS;HATCHBACK;1;3;AV;BENSIN;5.5;5.1;5.3;44.6;224;;;;;;;;;;;;;;
2023;DAIHATSU AYLA X CVT ADS;HATCHBACK;1.2;3;AV;BENSIN;5.4;4.9;5.1;46.0;230;;;;;;;;;;;;;;
2023;DAIHATSU XENIA R CVT;MPV;1.5;4;AV;BENSIN;6.0;5.3;5.6;41.8;264;;;;;;;;;;;;;;
2023;DAIHATSU XENIA R CVT;MPV;1.3;4;AV;BENSIN;6.1;5.4;5.8;40.9;247;;;;;;;;;;;;;;
2023;DAIHATSU XENIA R CVT ASA;MPV;1.5;4;AV;BENSIN;6.1;5.3;5.7;41.3;275;;;;;;;;;;;;;;
2023;DAIHATSU XENIA X CVT;MPV;1.3;4;AV;BENSIN;6.3;5.5;5.9;40.1;254;;;;;;;;;;;;;;
2017;WULING CONFERO;MPV;1.5;4;MT;BENSIN;9.1;6.9;8.0;29.4;237;;;;;;;;;;;;;;
2017;WULING CONFERO S ACT;MPV;1.5;4;AT;BENSIN;8.7;6.8;7.7;30.4;230;;;;;;;;;;;;;;
2017;WULING CONFERO S C;MPV;1.5;4;MT;BENSIN;8.9;6.8;7.9;29.8;232;;;;;;;;;;;;;;
2017;WULING CONFERO S L;MPV;1.5;4;MT;BENSIN;9.1;6.9;8.0;29.3;240;;;;;;;;;;;;;;
2018;WULING FORMO BV;MPV;1.2;4;MT;BENSIN;9.8;7.3;8.6;27.5;210;;;;;;;;;;;;;;
2018;WULING FORMO MAX AC;PICKUP TRUCK;1.5;4;MT;BENSIN;9.5;7.1;8.3;28.2;364;;;;;;;;;;;;;;
2018;WULING FORMO MAX STANDARD;PICKUP TRUCK;1.5;4;MT;BENSIN;9.3;7.0;8.2;28.8;345;;;;;;;;;;;;;;
2018;WULING FORMO STANDARD 5-SEAT;MPV;1.2;4;MT;BENSIN;10.0;7.2;8.6;27.3;198;;;;;;;;;;;;;;
2018;WULING FORMO STANDARD 8-SEAT;MPV;1.2;4;MT;BENSIN;9.7;7.1;8.4;27.9;195;;;;;;;;;;;;;;
2018;WULING CONFERO;MPV;1.5;4;MT;BENSIN;8.7;6.8;7.7;30.4;230;;;;;;;;;;;;;;
2018;WULING CONFERO S ACT;MPV;1.5;4;AT;BENSIN;8.5;6.7;7.6;30.9;233;;;;;;;;;;;;;;
2018;WULING CONFERO S C;MPV;1.5;4;MT;BENSIN;8.5;6.6;7.6;31.1;228;;;;;;;;;;;;;;
2018;WULING CONFERO S L;MPV;1.5;4;MT;BENSIN;8.5;6.6;7.5;31.3;225;;;;;;;;;;;;;;
2019;WULING ALMAZ SMART ENJOY CVT;SUV;1.5;4;AV;BENSIN;9.9;7.2;8.6;27.4;218;;;;;;;;;;;;;;
2019;WULING CONFERO;MPV;1.5;4;MT;BENSIN;9.3;7.1;8.2;28.7;225;;;;;;;;;;;;;;
2019;WULING CONFERO S ACT;MPV;1.5;4;AT;BENSIN;9.1;6.9;8.0;29.4;222;;;;;;;;;;;;;;
2019;WULING CONFERO S C;MPV;1.5;4;MT;BENSIN;9.2;7.0;8.1;29.1;223;;;;;;;;;;;;;;
2019;WULING CONFERO S L;MPV;1.5;4;MT;BENSIN;9.3;7.1;8.2;28.7;221;;;;;;;;;;;;;;
2019;WULING FORMO BV;MPV;1.2;4;MT;BENSIN;10.0;7.4;8.7;27.0;202;;;;;;;;;;;;;;
2019;WULING FORMO MAX AC;PICKUP TRUCK;1.5;4;MT;BENSIN;9.7;7.6;8.7;27.1;356;;;;;;;;;;;;;;
2019;WULING FORMO MAX STANDARD;PICKUP TRUCK;1.5;4;MT;BENSIN;9.5;7.1;8.3;28.2;340;;;;;;;;;;;;;;
2019;WULING FORMO STANDARD 5-SEAT;MPV;1.2;4;MT;BENSIN;10.2;7.5;8.8;26.6;189;;;;;;;;;;;;;;
2019;WULING FORMO STANDARD 8-SEAT;MPV;1.2;4;MT;BENSIN;10.0;7.3;8.6;27.2;188;;;;;;;;;;;;;;
2020;WULING ALMAZ RS PRO;SUV;1.5;4;AV;BENSIN;9.1;7.1;8.1;29.0;215;;;;;;;;;;;;;;
2020;WULING CONFERO;MPV;1.5;4;MT;BENSIN;8.9;6.9;7.9;29.7;220;;;;;;;;;;;;;;
2020;WULING CONFERO S ACT;MPV;1.5;4;AT;BENSIN;8.7;6.8;7.7;30.4;218;;;;;;;;;;;;;;
2020;WULING CONFERO S C;MPV;1.5;4;MT;BENSIN;8.7;6.7;7.7;30.6;215;;;;;;;;;;;;;;
2020;WULING CONFERO S L;MPV;1.5;4;MT;BENSIN;8.6;6.7;7.6;30.8;211;;;;;;;;;;;;;;
2020;WULING FORMO BV;MPV;1.2;4;MT;BENSIN;10.2;7.6;8.9;26.5;200;;;;;;;;;;;;;;
2020;WULING FORMO MAX AC;PICKUP TRUCK;1.5;4;MT;BENSIN;10.0;7.8;8.9;26.4;342;;;;;;;;;;;;;;
2020;WULING FORMO MAX STANDARD;PICKUP TRUCK;1.5;4;MT;BENSIN;9.8;7.2;8.5;27.6;331;;;;;;;;;;;;;;
2020;WULING FORMO STANDARD 5-SEAT;MPV;1.2;4;MT;BENSIN;10.5;7.6;9.1;25.9;185;;;;;;;;;;;;;;
2020;WULING FORMO STANDARD 8-SEAT;MPV;1.2;4;MT;BENSIN;10.2;7.5;8.8;26.6;180;;;;;;;;;;;;;;
2021;WULING ALMAZ EXCLUSIVE 5-SEATER;SUV;1.5;4;AV;BENSIN;10.8;8.3;9.5;24.7;246;;;;;;;;;;;;;;
2021;WULING ALMAZ EXCLUSIVE 7-SEATER;SUV;1.5;4;AV;BENSIN;10.5;8.1;9.3;25.3;255;;;;;;;;;;;;;;
2021;WULING ALMAZ RS PRO;SUV;1.5;4;AV;BENSIN;10.2;7.7;8.9;26.3;267;;;;;;;;;;;;;;
2021;WULING FORMO BV;MPV;1.2;4;MT;BENSIN;10.5;7.7;9.1;25.8;238;;;;;;;;;;;;;;
2021;WULING FORMO MAX AC;PICKUP TRUCK;1.5;4;MT;BENSIN;10.2;8.0;9.1;25.8;315;;;;;;;;;;;;;;
2021;WULING FORMO MAX STANDARD;PICKUP TRUCK;1.5;4;MT;BENSIN;10.0;7.9;9.0;26.2;303;;;;;;;;;;;;;;
2021;WULING FORMO STANDARD 5-SEAT;MPV;1.2;4;MT;BENSIN;10.8;7.7;9.2;25.5;233;;;;;;;;;;;;;;
2021;WULING FORMO STANDARD 8-SEAT;MPV;1.2;4;MT;BENSIN;10.3;7.6;8.9;26.3;240;;;;;;;;;;;;;;
2022;WULING ALMAZ HYBRID;SUV;2;4;AV;BENSIN;7.5;6.3;6.9;34.1;340;;;;;;;;;;;;;;
2022;WULING ALMAZ RS EX 7 SEATER;SUV;1.5;4;AV;BENSIN;7.8;6.7;7.2;32.5;300;;;;;;;;;;;;;;
2022;WULING ALMAZ RS PRO;SUV;1.5;4;AV;BENSIN;7.7;6.5;7.1;33.3;321;;;;;;;;;;;;;;
2022;WULING ALMAZ SMART ENJOY;SUV;1.5;4;MT;BENSIN;10.0;7.4;8.7;27.0;267;;;;;;;;;;;;;;
2022;WULING CORTEZ CE LUX;MPV;1.5;4;AV;BENSIN;7.6;6.6;7.1;33.1;253;;;;;;;;;;;;;;
2022;WULING CORTEZ EX LUX;MPV;1.5;4;AV;BENSIN;7.7;6.7;7.2;32.8;240;;;;;;;;;;;;;;
2022;WULING FORMO BV;MPV;1.2;4;MT;BENSIN;10.9;7.9;9.4;25.1;230;;;;;;;;;;;;;;
2022;WULING FORMO MAX AC;PICKUP TRUCK;1.5;4;MT;BENSIN;10.5;8.1;9.3;25.2;310;;;;;;;;;;;;;;
2022;WULING FORMO MAX STANDARD;PICKUP TRUCK;1.5;4;MT;BENSIN;10.2;8.0;9.1;25.8;303;;;;;;;;;;;;;;
2022;WULING FORMO STANDARD 5-SEAT;MPV;1.2;4;MT;BENSIN;11.1;7.8;9.5;24.9;230;;;;;;;;;;;;;;
2022;WULING FORMO STANDARD 8-SEAT;MPV;1.2;4;MT;BENSIN;10.5;7.7;9.1;25.8;238;;;;;;;;;;;;;;
2023;WULING ALMAZ HYBRID;SUV;2;4;AV;BENSIN;7.6;6.5;7.0;33.5;329;;;;;;;;;;;;;;
2023;WULING ALMAZ SMART ENJOY CVT;SUV;1.5;4;AV;BENSIN;10.2;7.4;8.8;26.7;252;;;;;;;;;;;;;;
2023;WULING ALVEZ CE;SUV;1.5;4;AV;BENSIN;7.6;6.4;7.0;33.6;312;;;;;;;;;;;;;;
2023;WULING ALVEZ EX;SUV;1.5;4;AV;BENSIN;7.4;6.3;6.8;34.6;303;;;;;;;;;;;;;;
2023;WULING ALVEZ SE;SUV;1.5;4;MT;BENSIN;7.4;6.3;6.8;34.4;296;;;;;;;;;;;;;;
2023;WULING CORTEZ S CVT LUX;MPV;1.5;4;AV;BENSIN;7.3;6.1;6.7;35.0;240;;;;;;;;;;;;;;
2023;WULING CORTEZ S MT LUX;MPV;1.5;4;MT;BENSIN;7.5;6.3;6.9;34.1;234;;;;;;;;;;;;;;
2001;HONDA CRV;SUV;2;4;MT;BENSIN;9.7;8.5;9.2;25.6;229;;;;;;;;;;;;;;
2001;HONDA CRV;SUV;2;4;AT;BENSIN;10.2;8.7;9.5;24.7;235;;;;;;;;;;;;;;
2006;HONDA CRV i-VTEC;SUV;2;4;MT;BENSIN;9;8;8.6;27.7;215;;;;;;;;;;;;;;
2006;HONDA CRV i-VTEC;SUV;2;4;AT;BENSIN;9.3;8.1;8.8;27;221;;;;;;;;;;;;;;
2006;HONDA CRV 2.4L i-VTEC;SUV;2.4;4;MT;BENSIN;11.2;9.4;10.4;22.6;232;;;;;;;;;;;;;;
2012;HONDA CRV 2.0L;SUV;2;4;MT;BENSIN;10.5;6.3;8.6;29.7;204;;;;;;;;;;;;;;
2012;HONDA CRV 2.0L;SUV;2;4;AT;BENSIN;10.2;6.3;8.4;33.5;210;;;;;;;;;;;;;;
2012;HONDA CRV 2.4L;SUV;2.4;4;AT;BENSIN;11.9;6.5;9.5;29.8;214;;;;;;;;;;;;;;
2016;HONDA CRV 2.0L;SUV;2;4;MT;BENSIN;9.8;6.4;8.3;34.2;202;;;;;;;;;;;;;;
2016;HONDA CRV 2.0L;SUV;2;4;AT;BENSIN;9.5;6.4;8.1;34.9;198;;;;;;;;;;;;;;
2016;HONDA CRV 2.4L;SUV;2.4;4;AT;BENSIN;11.7;6.5;9.4;30.2;206;;;;;;;;;;;;;;
2023;HONDA CRV 1.5 TURBO;SUV;1.5;4;AV;BENSIN;8.7;7.4;8.1;34.8;201;;;;;;;;;;;;;;
2023;HONDA CRV 1.5L;SUV;1.5;4;AV;BENSIN;8.4;6.9;7.7;36.6;187;;;;;;;;;;;;;;
1995;HONDA CIVIC GENIO;SUBCOMPACT;1.5;4;MT;BENSIN;9.5;8.1;8.9;31.8;181;;;;;;;;;;;;;;
1995;HONDA CIVIC ESTILO;SUBCOMPACT;1.5;4;MT;BENSIN;10;8.3;9.2;30.6;184;;;;;;;;;;;;;;
2000;HONDA CIVIC FERIO;SUBCOMPACT;1.5;4;MT;BENSIN;8.7;5.6;7.3;38.7;161;;;;;;;;;;;;;;
2000;HONDA CIVIC FERIO Vi-RS;SUBCOMPACT;1.6;4;MT;BENSIN;11;6.9;9.2;30.9;172;;;;;;;;;;;;;;
2005;HONDA CIVIC VTI-S;SUBCOMPACT;1.7;4;AT;BENSIN;7.4;6.4;7.0;40.6;158;;;;;;;;;;;;;;
2005;HONDA CIVIC VTI-S;SUBCOMPACT;1.7;4;MT;BENSIN;7;6.1;6.6;42.8;154;;;;;;;;;;;;;;
2011;HONDA CIVIC FD;SUBCOMPACT;1.8;4;AT;BENSIN;8;6.2;7.2;39.3;162;;;;;;;;;;;;;;
2011;HONDA CIVIC FD;SUBCOMPACT;1.8;4;MT;BENSIN;7.8;6;7.1;39.8;160;;;;;;;;;;;;;;
2015;HONDA CIVIC FB;SUBCOMPACT;1.8;4;AT;BENSIN;9.2;5.1;7.4;38.4;168;;;;;;;;;;;;;;
2015;HONDA CIVIC FB;SUBCOMPACT;1.8;4;MT;BENSIN;8.7;5.5;7.3;38.9;164;;;;;;;;;;;;;;
2018;HONDA CIVIC TYPE R;SUBCOMPACT;2;4;MT;BENSIN;9.1;7.3;8.3;34.1;210;;;;;;;;;;;;;;
2018;HONDA CIVIC TURBO;SUBCOMPACT;1.5;4;MT;BENSIN;8.5;7.4;8.0;35.3;198;;;;;;;;;;;;;;
2018;HONDA CIVIC TURBO;SUBCOMPACT;1.5;4;AV;BENSIN;8.7;7.4;8.1;34.8;204;;;;;;;;;;;;;;
2018;HONDA CIVIC TURBO HATCHBACK;SUBCOMPACT;1.5;4;MT;BENSIN;8.4;7.4;8.0;35.5;196;;;;;;;;;;;;;;
2018;HONDA CIVIC TURBO HATCHBACK;SUBCOMPACT;1.5;4;AV;BENSIN;8.6;7.4;8.1;35.0;200;;;;;;;;;;;;;;
2018;HONDA CIVIC E;SUBCOMPACT;1.5;4;MT;BENSIN;8.1;6.9;7.6;37.4;188;;;;;;;;;;;;;;
2018;HONDA CIVIC E;SUBCOMPACT;1.5;4;AV;BENSIN;8.3;6.9;7.7;36.8;190;;;;;;;;;;;;;;
2018;HONDA CIVIC E HATCHBACK;SUBCOMPACT;1.5;4;MT;BENSIN;8;6.9;7.5;37.6;186;;;;;;;;;;;;;;
2018;HONDA CIVIC E HATCHBACK;SUBCOMPACT;1.5;4;AV;BENSIN;8.2;6.9;7.6;37.1;189;;;;;;;;;;;;;;
2018;HONDA CIVIC ES;SUBCOMPACT;1.5;4;MT;BENSIN;8.1;6.9;7.6;37.4;188;;;;;;;;;;;;;;
2018;HONDA CIVIC ES;SUBCOMPACT;1.5;4;AV;BENSIN;8.3;6.9;7.7;36.8;190;;;;;;;;;;;;;;
2018;HONDA CIVIC ES HATCHBACK;SUBCOMPACT;1.5;4;MT;BENSIN;8;6.9;7.5;37.6;186;;;;;;;;;;;;;;
2018;HONDA CIVIC ES HATCHBACK;SUBCOMPACT;1.5;4;AV;BENSIN;8.2;6.9;7.6;37.1;189;;;;;;;;;;;;;;
2023;HONDA CIVIC TYPE R;SUBCOMPACT;2;4;MT;BENSIN;7.8;6.3;7.1;39.6;170;;;;;;;;;;;;;;
2023;HONDA CIVIC RS;SUBCOMPACT;1.5;4;AV;BENSIN;7.5;6;6.8;41.4;168;;;;;;;;;;;;;;
2007;HONDA JAZZ I-DSI;SUBCOMPACT;1.3;4;MT;BENSIN;7.8;7.2;7.5;37.5;134;;;;;;;;;;;;;;
2007;HONDA JAZZ I-DSI;SUBCOMPACT;1.3;4;AT;BENSIN;8.3;7.2;7.8;36.2;140;;;;;;;;;;;;;;
2007;HONDA JAZZ VTEC;SUBCOMPACT;1.5;4;MT;BENSIN;7.8;6.2;7.1;39.9;136;;;;;;;;;;;;;;
2007;HONDA JAZZ VTEC;SUBCOMPACT;1.5;4;AT;BENSIN;8.3;6.2;7.4;38.4;142;;;;;;;;;;;;;;
2010;HONDA JAZZ A;SUBCOMPACT;1.5;4;MT;BENSIN;7.4;6.6;7.0;40.1;126;;;;;;;;;;;;;;
2010;HONDA JAZZ A;SUBCOMPACT;1.5;4;AT;BENSIN;7.7;6.6;7.2;39.2;132;;;;;;;;;;;;;;
2010;HONDA JAZZ S;SUBCOMPACT;1.5;4;MT;BENSIN;7.4;6.6;7.0;40.1;126;;;;;;;;;;;;;;
2010;HONDA JAZZ S;SUBCOMPACT;1.5;4;AT;BENSIN;7.7;6.6;7.2;39.2;132;;;;;;;;;;;;;;
2010;HONDA JAZZ RS;SUBCOMPACT;1.5;4;MT;BENSIN;7.4;6.6;7.0;40.1;126;;;;;;;;;;;;;;
2010;HONDA JAZZ RS;SUBCOMPACT;1.5;4;AT;BENSIN;7.7;6.6;7.2;39.2;132;;;;;;;;;;;;;;
2017;HONDA JAZZ A;SUBCOMPACT;1.5;4;MT;BENSIN;8;5.9;7.1;40.0;122;;;;;;;;;;;;;;
2017;HONDA JAZZ A;SUBCOMPACT;1.5;4;AT;BENSIN;8.3;5.9;7.2;39.1;128;;;;;;;;;;;;;;
2017;HONDA JAZZ S;SUBCOMPACT;1.5;4;MT;BENSIN;8;5.9;7.1;40.0;122;;;;;;;;;;;;;;
2017;HONDA JAZZ S;SUBCOMPACT;1.5;4;AT;BENSIN;8.3;5.9;7.2;39.1;128;;;;;;;;;;;;;;
2017;HONDA JAZZ RS;SUBCOMPACT;1.5;4;MT;BENSIN;8;5.9;7.1;40.0;122;;;;;;;;;;;;;;
2017;HONDA JAZZ RS;SUBCOMPACT;1.5;4;AT;BENSIN;8.3;5.9;7.2;39.1;128;;;;;;;;;;;;;;
2009;HONDA FREED;STATION WAGON;1.5;4;AT;BENSIN;8.1;5.8;7.1;40.0;122;;;;;;;;;;;;;;
